Time, Aileron Command (norm), Elevator Command (norm), Rudder Command (norm), Flap Command (norm), Left Aileron Position (deg), Right Aileron Position (deg), Elevator Position (deg), Rudder Position (deg), Flap Position (deg), P (deg/s), Q (deg/s), R (deg/s), P dot (deg/s^2), Q dot (deg/s^2), R dot (deg/s^2), P_{inertial} (deg/s), Q_{inertial} (deg/s), R_{inertial} (deg/s), q bar (psf), Reynolds Number, V_{Total} (ft/s), V_{Inertial} (ft/s), UBody, VBody, WBody, Aero V_{X Body} (ft/s), Aero V_{Y Body} (ft/s), Aero V_{Z Body} (ft/s), V_{X_{inertial}} (ft/s), V_{Y_{inertial}} (ft/s), V_{Z_{inertial}} (ft/s), V_{X_{ecef}} (ft/s), V_{Y_{ecef}} (ft/s), V_{Z_{ecef}} (ft/s), V_{North} (ft/s), V_{East} (ft/s), V_{Down} (ft/s), F_{Drag} (lbs), F_{Side} (lbs), F_{Lift} (lbs), L/D, F_{Aero x} (lbs), F_{Aero y} (lbs), F_{Aero z} (lbs), F_{Prop x} (lbs), F_{Prop y} (lbs), F_{Prop z} (lbs), F_{Gear x} (lbs), F_{Gear y} (lbs), F_{Gear z} (lbs), F_{Ext x} (lbs), F_{Ext y} (lbs), F_{Ext z} (lbs), F_{Buoyant x} (lbs), F_{Buoyant y} (lbs), F_{Buoyant z} (lbs), F_{Total x} (lbs), F_{Total y} (lbs), F_{Total z} (lbs), L_{Aero} (ft-lbs), M_{Aero} ( ft-lbs), N_{Aero} (ft-lbs), L_{Prop} (ft-lbs), M_{Prop} (ft-lbs), N_{Prop} (ft-lbs), L_{Gear} (ft-lbs), M_{Gear} (ft-lbs), N_{Gear} (ft-lbs), L_{ext} (ft-lbs), M_{ext} (ft-lbs), N_{ext} (ft-lbs), L_{Buoyant} (ft-lbs), M_{Buoyant} (ft-lbs), N_{Buoyant} (ft-lbs), L_{Total} (ft-lbs), M_{Total} (ft-lbs), N_{Total} (ft-lbs), Rho (slugs/ft^3), Absolute Viscosity, Kinematic Viscosity, Temperature (R), P_{SL} (psf), P_{Ambient} (psf), Turbulence Magnitude (ft/sec), Turbulence X Direction (rad), Turbulence Y Direction (rad), Turbulence Z Direction (rad), Wind V_{North} (ft/s), Wind V_{East} (ft/s), Wind V_{Down} (ft/s), I_{xx}, I_{xy}, I_{xz}, I_{yx}, I_{yy}, I_{yz}, I_{zx}, I_{zy}, I_{zz}, Mass, X_{cg}, Y_{cg}, Z_{cg}, Altitude ASL (ft), Altitude AGL (ft), Phi (deg), Theta (deg), Psi (deg), Alpha (deg), Beta (deg), Latitude (deg), Longitude (deg), X_{ECI} (ft), Y_{ECI} (ft), Z_{ECI} (ft), X_{ECEF} (ft), Y_{ECEF} (ft), Z_{ECEF} (ft), Earth Position Angle (deg), Distance AGL (ft), Terrain Elevation (ft), navigation/actual-heading-rad, systems/mixture-pos-norm, guidance/delta-lat-rad, guidance/delta-lon-rad, guidance/heading-to-waypoint-rad, guidance/wp-distance-a, guidance/wp-distance, guidance/heading-to-waypoint-positive, guidance/wp-heading-rad, guidance/wp-heading-deg, guidance/selected_target_heading, guidance/x1, guidance/y1, guidance/x2, guidance/y2, guidance/angle-to-heading-rad, guidance/x1y2, guidance/x2y1, guidance/angle-to-heading-sense, ap/roll-control-autopilot-on, ap/roll-autopilot-windup-trigger, ap/limited-roll-angle-rad, ap/roll-attitude-selector, ap/limited-roll-angle-error, ap/roll-rate-pid-control, ap/total-limited-roll-rate, ap/roll-rate-saturation, ap/limited-roll-rate-error, ap/roll-command-pid-control, ap/roll-cmd-smoother, ap/roll-cmd-norm-output, ap/roll-command-selector-steering, fcs/attitude/sensor/phi-rad, fcs/wing-leveler-ap-on-off, fcs/roll-ap-error-pid, fcs/roll-ap-autoswitch, fcs/heading-true-degrees, fcs/heading-error, fcs/heading-error-bias-switch, fcs/heading-corrected, fcs/heading-command, fcs/heading-roll-error-lag, fcs/heading-roll-error, fcs/heading-roll-error-switch, fcs/heading-pi-controller, fcs/roll-command-selector, fcs/altitude-error, fcs/alt-error-lag, fcs/hdot-command, fcs/hdot-error, fcs/ap-alt-hold-switch, fcs/windup-trigger, fcs/altitude-hold-pid, fcs/elevator, fcs/pitch-trim-sum, fcs/elevator-control, fcs/elevator-actuator, fcs/roll-trim-sum, fcs/left-aileron-control, fcs/left-aileron-actuator, fcs/right-aileron-control, fcs/right-aileron-actuator, fcs/effective-aileron-pos, fcs/yaw-trim-sum, fcs/rudder-control, fcs/flaps-control, fcs/flap-position-normalizer, Nose Gear WOW, Nose Gear stroke (ft), Nose Gear stroke velocity (ft/sec), Nose Gear compress force (lbs), Nose Gear wheel side force (lbs), Nose Gear wheel roll force (lbs), Nose Gear body X force (lbs), Nose Gear body Y force (lbs), Nose Gear wheel velocity vec X (ft/sec), Nose Gear wheel velocity vec Y (ft/sec), Nose Gear wheel rolling velocity (ft/sec), Nose Gear wheel side velocity (ft/sec), Nose Gear wheel slip (deg), Left Main Gear WOW, Left Main Gear stroke (ft), Left Main Gear stroke velocity (ft/sec), Left Main Gear compress force (lbs), Left Main Gear wheel side force (lbs), Left Main Gear wheel roll force (lbs), Left Main Gear body X force (lbs), Left Main Gear body Y force (lbs), Left Main Gear wheel velocity vec X (ft/sec), Left Main Gear wheel velocity vec Y (ft/sec), Left Main Gear wheel rolling velocity (ft/sec), Left Main Gear wheel side velocity (ft/sec), Left Main Gear wheel slip (deg), Right Main Gear WOW, Right Main Gear stroke (ft), Right Main Gear stroke velocity (ft/sec), Right Main Gear compress force (lbs), Right Main Gear wheel side force (lbs), Right Main Gear wheel roll force (lbs), Right Main Gear body X force (lbs), Right Main Gear body Y force (lbs), Right Main Gear wheel velocity vec X (ft/sec), Right Main Gear wheel velocity vec Y (ft/sec), Right Main Gear wheel rolling velocity (ft/sec), Right Main Gear wheel side velocity (ft/sec), Right Main Gear wheel slip (deg),  Total Gear Force_X (lbs),  Total Gear Force_Y (lbs),  Total Gear Force_Z (lbs),  Total Gear Moment_L (ft-lbs),  Total Gear Moment_M (ft-lbs),  Total Gear Moment_N (ft-lbs), IO320 Power Available (engine 0 in ft-lbs/sec), IO320 HP (engine 0), IO320 equivalent ratio (engine 0), IO320 MAP (engine 0 in inHg), Simulated Clark Y Airfoil McCauley 7570 Propeller Torque (engine 0), Simulated Clark Y Airfoil McCauley 7570 Propeller PFactor Pitch (engine 0), Simulated Clark Y Airfoil McCauley 7570 Propeller PFactor Yaw (engine 0), Simulated Clark Y Airfoil McCauley 7570 Propeller Thrust (engine 0 in lbs), Simulated Clark Y Airfoil McCauley 7570 Propeller RPM (engine 0), vrp-gc-latitude deg, vrp-longitude deg, vrp-radius-ft
0, 0, 0, 0, 0, 0, 0, 0.114591559, 0, 0, -0.002224184131172763, 0.2707101619418129, -0.0002132460676334634, -0.4749974129854446,  49.52728649292839, -0.002344407980705546, -0.005638116701695521, 0.2719527317792751, -0.00227658996952008, 5.926044454e-05, 6829.704825, 0.229997752185, 1326.98844921, -5.164097911191438e-05, -0.0002640572104132396, 0.2299975948074349, -5.164097911191438e-05, -0.0002640572104132396, 0.2299975948074349,  1321.620786305544, -119.2343433739958, -0.1136207569261884, 0.01826297532517844, 0.1991375236815077, -0.1136207569262094, -4.178623796830108e-05, 0.0002657948671679675, 0.2299975948074561, -0.0003582938120407321, 5.254172928777064e-07, -0.004984781968564295, 13.91255389, -0.0003582938120407321, 5.254172928777064e-07, -0.004984781968564295,                  0,                  0,                  0, -6.419618296219705, 0.3967380511284712, -305.6961093437963,                  0,                  0,                  0,                  0,                  0,                  0, -0.0003582938120220136, 5.254172928777064e-07, -305.7010941257649, 0.0003565556598670342, -0.02601720298083786, 5.553869379441693e-05, 2.598373525517365e-11,                  0,                  0, -11.64092608140336,  1238.641112247414,  1.851990737445244,                  0,                  0,                  0,                  0,                  0,                  0, -9.815573168220862,  1268.145360603272, 5.553869379381587e-05, 0.002240514286, 3.697136242e-07, 0.0001650128394, 511.5352706, 2116.22, 1967.352989, 0,                  0,                  0,                  0,                  0,                  0,                  0,  1536.052686,  1.265811973, 0.9925467637,  1.265811973,   1432.90758,  2.272972485, 0.9925467637,  2.272972485,    2572.4041, 67.75647044,  42.98165137614679, -0.3853211009174312,  36.53669724770642, 2004.6000029221, 4.6000029221177, 1.54741685626019e-12, 4.268306266831414e-12,  200.0000000000004, 0, 0, 29.593977999995, -95.163804182716, -1637844.176863328, -18123720.25578613,   10335132.2003807, -1637844.176863328, -18123720.25578613,   10335132.2003807, 3.4817284435337e-05, 4.6000029221177, 2000, 3.4936585, 0.929311757, -0.516512355, 1.66092171, 1.52619656, 0.539131097, 34869387.3, 7.80919656, 1.52619656, 87.4510627, 3.49, -0.938662333, -0.344837678, -0.939917639, -0.341401278, 0.00365850399, 0.32046052, 0.324119016, -1, 0, 1, -0.00365850399, 0, -2.7007519e-14, -1.13507562e-12, 0.348, 0, 3.88193351e-05, 9.70483378e-05, 2.85436288e-05, 0, 0, 0, -1, 5.65748842e-11, 0, 200.014732, -200.014732, 360, 30, 0.5235, 0.00108835759, 0.00108835759, 0, 0, 0, -4.60000292, -0.0190871491, -0.0019083637, 0.228089231, 0, 0, 0, -0, 0, 0, 0.002, 0, 0, 0, 0, 0, 0, 0, 0, 0, 0, 1, 0.11139, 0.210396, -305.6961093, 0.3967380511, -6.419618296, -6.419618296, 0.3967380511, 0.0216825, -0.000100928, 0.0216825, -0.000100928, -0.2667, 0, 0, 0, 0, 0, 0, 0, 0, 0, 0, 0, 0, 0, 0, 0, 0, 0, 0, 0, 0, 0, 0, 0, 0, 0, 0, -6.41962, 0.396738, -305.696, -11.6409, 1238.64, 1.85199, -825, -1.5, 1.29953, 29.8863, 2.59837e-11, -0, -0, 0, 0, 29.5939779482401839, -95.1638043119672545, 20927654.7636114806
10, 0, 0, 0, 0.33, -3.223934806, 2.586418955, 0.114591559, 0, 9.9,  1.301948209704694,  0.152992412334898,  2.581110646864981, -5.056240503193198, 0.6398271371417916, -9.568968169649697,  1.298541018290517, 0.1542119235223662,  2.579022551420493, 1.740767946, 1170551.595, 39.4194511124, 1314.03559286,  39.41828404583951, 0.1858575312980347, 0.2397203869926888,  39.41828404583951, 0.1858575312980347, 0.2397203869926888,  1306.634722950172, -135.4905818812473, -32.21090349580677,   -15.071588713981, -17.00582357972674, -32.21090349580677, -37.04306209215928, -13.47978771330949, 0.00021191693391403, -14.00575975034505,  2.279419062231448, -176.2674985890637, 12.58535786, -12.94414961234888,  2.213358409846641, -176.3494773217486,  416.5325893346194,                  0,                  0, -32.18833677367203, -114.7666057102092,  -1991.05506468963,                  0,                  0,                  0,                  0,                  0,                  0,  415.7173083618554,  -4.27139125461683, -2167.487240905063,  -292.183889201131,  100.7742621660664, -27.44417535984351,  299.4471121347401,  329.0892224670592, -10.23268222876726,   -142.80571595127, -415.4119498338886, -391.9449615667664,                  0,                  0,                  0,                  0,                  0,                  0, -619.1032844693382,  212.6585568952382, -40.78492861338861, 0.002240524676, 3.697139375e-07, 0.0001650122141, 511.5358267, 2116.22, 1967.364251, 0,                  0,                  0,                  0,                  0,                  0,                  0,  1535.681252,  1.265756993, 0.9958089981,  1.265756993,  1432.892001,  2.272722002, 0.9958089981,  2.272722002,  2572.046812, 67.75237719,  42.98134819300805, -0.385344380061539,  36.53531596306281, 2004.4437796175, 4.4437796100974, 0.1866014456868894,  0.349007137856943,  199.7271902899616, 0.34843721509533, 0.27014307119841, 29.593598207306, -95.163960497931, -1624683.270191146, -18124973.43796649,  10335011.49795291, -1637899.776125789, -18123783.88137524,  10335011.49795291, 0.04181555860684, 4.4437796100974, 2000.0000000075, 3.48889708, 0.929317076, -0.516505726, 1.66092444, 1.52619572, 0.539132426, 34869443.7, 7.80919572, 1.52619572, 87.4510148, 3.49, -0.940293606, -0.340364413, -0.939917639, -0.341401278, 0.00110292368, 0.321017439, 0.319914515, 1, 1, 0, 0.00110292368, 0.00110292368, -0.00215388593, -0.0722360103, 0.348, 0, -0.0949592932, -0.237398233, -0.186467541, -0.186467541, -0.186467541, 0.00153398437, -1, 0.564129634, 0, 199.741902, -199.741902, 360, 30, 0.5235, 0.519980044, 0.516723234, 0, 0, 0, -4.44377973, -4.43976979, -0.443898062, -0.443686145, 0, 0, 0, -0, 0, 0, 0.002, -0.186467541, -0.0650771719, -0.0562682772, 0.0488078789, 0.0451415266, -0.101409804, 0, 0, 9.9, 0.33, 1, 0.24222, -0.0099295, -416.1454976, -101.2342818, -6.172849216, -8.707017256, -101.0478685, 39.4288, 0.271189, 39.4096, 1.25887, 1.82961, 1, 0.13522, -0.0786568, -704.9986134, -6.124073675, -10.5107165, -10.5107165, -6.124073675, 39.5901, 0.0276587, 39.5901, 0.0276587, 0.0403989, 1, 0.15856, 0.0861621, -869.9936526, -7.594663522, -12.97060302, -12.97060302, -7.594663522, 39.2672, 0.028189, 39.2672, 0.028189, 0.0407208, -32.1883, -114.767, -1991.06, -142.806, -415.412, -391.945, 64613.7, 117.479, 1.29953, 26.8244, 299.447, 2.11091, 1.63659, 416.533, 2050.66, 29.5935981581453476, -95.1639606273961789, 20927654.6075883694
20, 0, 0, 0, 0.33, -0.5721163009, 0.4290872257, -7.829597699, 0, 9.9, -0.2801023898431377,  9.648635151234346,  0.374189573445102, -0.940187160507679,  17.03495318506533,  1.279215766858166, -0.2833514977809864,  9.649863006014405,  0.371867511063986, 9.395387702, 2719422.379, 91.5796029204, 1299.00920092,  91.33603389754369, -0.1236108168188955,  6.673627445677455,  91.33603389754369, -0.1236108168188955,  6.673627445677455,  1287.249408498257, -157.5525201754222, -74.77344303369334, -34.60969182745932, -39.97405558041736, -74.77344303369334, -86.21864944820248,  -30.8707847052737, -0.4034972857333425, -121.5593081899957,  2.607221443895782, -2065.200865759635, 16.98924497,  29.26383144754646,   2.77129540137779, -2068.568110320867,  432.6300672587211,                  0,                  0,  6.935369477633513,   1.03670599153652, -122.9565177057945,                  0,                  0,                  0,                  0,                  0,                  0,  471.4070826214868,   2.68451788688106, -2191.324061653493, -250.6936240426896,  195.4191042756627, -17.26723879634275,  298.0666430171751,   355.003416168021,  80.45932770011156, -70.86851059515575, -124.3409734251335,  -5.04572149027956,                  0,                  0,                  0,                  0,                  0,                  0, -18.26876510183962,  438.0809947579266,    58.184481208239, 0.002240511562, 3.69713542e-07, 0.0001650130034, 511.5351248, 2116.22, 1967.350037, 0,                  0,                  0,                  0,                  0,                  0,                  0,  1535.206492,  1.265686723, 0.9999785326,  1.265686723,   1432.87209,  2.272401855, 0.9999785326,  2.272401855,  2571.590133, 67.74714526,  42.98096061663366, -0.3853741391250202,  36.53355018777468, 2004.6409629919, 4.6409629657865, 0.04050447006284055,  4.431379449231111,  199.7803110891262, 4.1789902762927, -0.077335782538468, 29.591900980631, -95.164658681534, -1611713.906797521,  -18126438.8240854,  10334472.53664863, -1638148.198659563, -18124068.98684464,  10334472.53664863, 0.083596299929241, 4.6409629657865, 2000.0000000261, 3.48982421, 0.929310362, -0.516476104, 1.66093663, 1.52619199, 0.539138361, 34869695.4, 7.80919199, 1.52619199, 87.450801, 3.49, -0.939977639, -0.341236044, -0.939917639, -0.341401278, 0.000175790836, 0.320909567, 0.320733776, 1, 1, 0, 0.000175790836, 0.000175790836, -0.000531145528, -0.0168379476, 0.348, 0, -0.0119492386, -0.0298730966, -0.0286112125, -0.0286112125, 0, 0.00153398437, -1, -0.0370337394, 0, 199.795027, -199.795027, 360, 30, 0.5235, 0.523476283, 0.522769347, 0, 0, 0, 100, 71.3996245, 7.138637, 6.73513971, 6.73513971, 0, 0.336756986, -0.336756986, -0.336756986, -0.164539463, -0.136652259, -0.0286112125, -0.00998531316, -0.00998531316, 0.00748898487, 0.00748898487, -0.017474298, 0, 0, 9.9, 0.33, 0, 0, 0, 0, 0, 0, 0, 0, 85.8024, -0.0102539, 85.8024, 0.060139, 0, 1, 0.023691, -0.235054, -52.71356871, 0.445012708, 2.978169867, 2.978169867, 0.445012708, 92.127, -0.109605, 92.127, -0.109605, -0.0678731, 1, 0.028757, -0.266396, -70.04238263, 0.5916932835, 3.95719961, 3.95719961, 0.5916932835, 92.0793, -0.10963, 92.0793, -0.10963, -0.0679118, 6.93537, 1.03671, -122.957, -70.8685, -124.341, -5.04572, 67344, 122.444, 1.29953, 26.8773, 298.067, 26.2957, -0.486624, 432.63, 2144.11, 29.5919009615639261, -95.164658797259051, 20927654.8067741618
30, 0, 0, 0, 0.33, -0.7030277291, 0.5272707968, -0.6081620075, 0, 9.9, -0.4814019387256043, -0.02155623595781265,   0.36977040399084, 0.9753710520322757, 0.1486463584137753, -0.8435510844700778, -0.4843953039638471, -0.02027885866049728, 0.3671504087150275, 10.85296713, 2920220.389, 98.5624242454, 1297.18617909,  98.32202999156324, -0.8355461491511031,  6.828744694810685,  98.32202999156324, -0.8355461491511031,  6.828744694810685,  1284.054079070374, -168.1519932386238,  -74.9800801366206, -37.98099379788628, -51.47798719809277, -74.98008013662061, -92.20582921408598, -33.19186187640231, -10.53265575516303, -185.3952766416422,  7.552944063114351, -2126.816950607016, 11.47179685, -37.52071287414587,  9.124329514182509, -2134.546260841098,  428.7388767376254,                  0,                  0,                  0,                  0,                  0,                  0,                  0,                  0,                  0,                  0,                  0,  391.2181638634796,  9.124329514182509, -2134.546260841098, -272.7267402866038, -345.4181110222046, -48.68280838732932,  298.8385895648156,  349.1786223228674,  10.85100520022095,                  0,                  0,                  0,                  0,                  0,                  0,                  0,                  0,                  0,  26.11184927821182,  3.760511300662756, -37.83180318710837, 0.002234373283, 3.695281755e-07, 0.0001653833665, 511.2062741, 2116.22, 1960.698846, 0,                  0,                  0,                  0,                  0,                  0,                  0,  1534.716594,  1.265614202,  1.004281638,  1.265614202,  1432.851541,  2.272071452,  1.004281638,  2.272071452,  2571.118896, 67.74174655,  42.98056062193319, -0.3854048516979995,  36.53172783531941, 2097.0360752791, 97.036075275391, -0.4252035518495222,  10.11115770707482,  200.2565210029915, 3.9729749385477, -0.48572102119862, 29.589421082313, -95.165678667675, -1598864.537306828, -18128106.41430723,  10333730.49913985, -1638518.350809308, -18124565.30764712,  10333730.49913985, 0.12537704125164, 97.036075275391, 2000.0000000037, 3.49813564, 0.926168562, -0.516432822, 1.66095443, 1.52618654, 0.539147032, 34870063.2, 7.80918654, 1.52618654, 87.4504888, 3.49, -0.937109046, -0.349036727, -0.939917639, -0.341401278, 0.00813564009, 0.319930226, 0.328065776, -1, 1, 0, -0.00813564009, -0.00813564009, -0.00071443812, -0.0224284444, 0.348, 0, -0.0140263955, -0.0350659888, -0.0351580189, -0.0351580189, 0, 0, -1, -0.496348547, 0, 200.271272, -200.271272, 360, 30, 0.5235, 0.52349984, 0.530921042, 0, 0, 0, 100, 99.9987016, 9.96105624, -0.571599519, -0.571599519, 0, -0.028579976, 0.028579976, 0.028579976, 0.0114705734, -0.0106144294, -0.0351580189, -0.0122701486, -0.0122701486, 0.00920261145, 0.00920261145, -0.0214727601, 0, 0, 9.9, 0.33, 0, 0, 0, 0, 0, 0, 0, -0, 0, -0.0102539, 8.41237e-06, -0.0102539, 0, 0, 0, 0, 0, 0, 0, 0, 0, 0, -0.162258, 0, -0.162258, 0, 0, 0, 0, 0, 0, 0, 0, 0, 0, -0.167668, 0, -0.167668, 0, 0, 0, 0, 0, 0, 0, 67827.6, 123.323, 1.29953, 26.8133, 298.839, 24.7745, -3.02884, 428.739, 2166.67, 29.5894211054775482, -95.1656787615393398, 20927747.2033482678
40, 0, 0, 0, 0.33, -0.4933575639, 0.370018173, -0.2451515037, 0, 9.9, 0.1137296962624324, -0.01463433682046473, -0.1119969791215982, 0.4391359133942742, -0.04359286595794223, -0.3606672473095922, 0.1107233112389626, -0.01337920297838014, -0.1146128139000299, 11.26628485, 2972301.741, 100.581783525, 1296.75609148,  100.3663818987032, -0.5061410322206016,  6.559602338444309,  100.3663818987032, -0.5061410322206016,  6.559602338444309,  1283.498868598994, -168.3983615640061, -76.47880048872494, -38.69992477252539, -52.63082818105082, -76.47880050820353, -94.10782099923701, -33.80304776848688, -10.85205823486816,  -184.838615481498,  4.360846267510782, -2134.627119171798, 11.54859937, -45.20598139780718,  5.290923771101977, -2142.135778616399,  425.5574000462397,                  0,                  0,                  0,                  0,                  0,                  0,                  0,                  0,                  0,                  0,                  0,  380.3514186484325,  5.290923771101977, -2142.135778616399, -285.9505505340369, -352.2512682415918, -25.54694832991697,  297.7027231694448,  351.1607991664618,  9.371279509860127,                  0,                  0,                  0,                  0,                  0,                  0,                  0,                  0,                  0,  11.75217263540787, -1.090469075129988, -16.17566882005685, 0.002227265852, 3.693129828e-07, 0.0001658145041, 510.8246371, 2116.22, 1953.002872, 0,                  0,                  0,                  0,                  0,                  0,                  0,  1534.226212,  1.265541598,  1.008589652,  1.265541598,  1432.830968,  2.271740672,  1.008589652,  2.271740672,  2570.647195, 67.73634254,  42.98016017037124, -0.3854355993499231,  36.52990340142993, 2204.2622226067, 204.26222272217, -0.2300563176313503,  9.934396841969466,  200.0329487603056, 3.7393374339838, -0.28832126812799, 29.58686938663, -95.166732252434, -1586026.491996065, -18129789.68282238,  10332972.95284096, -1638901.474582515, -18125086.37036793,  10332972.95284096, 0.16715778257406, 204.26222272217, 1999.9999998845, 3.49423357, 0.922533241, -0.516388286, 1.66097282, 1.5261809, 0.539155985, 34870443, 7.8091809, 1.5261809, 87.4501655, 3.49, -0.938463874, -0.345377412, -0.939917639, -0.341401278, 0.00423356834, 0.320392766, 0.324626322, -1, 1, 0, -0.00423356834, -0.00423356834, -0.000218328133, -0.00785859501, 0.348, 0, -0.00984355267, -0.0246088817, -0.0246725326, -0.0246725326, 0, 0.00153398437, -1, -0.173768903, 0, 200.047683, -200.047683, 360, 30, 0.5235, 0.523499999, 0.527515239, 0, 0, 0, 100, 99.9999999, 9.91829511, -0.93376313, -0.93376313, 0, -0.0466881565, 0.0466881565, 0.0466881565, 0.0187382916, -0.00427870091, -0.0246725326, -0.00861071388, -0.00861071388, 0.00645803541, 0.00645803541, -0.0150687493, 0, 0, 9.9, 0.33, 0, 0, 0, 0, 0, 0, 0, -0, 0, -0.0102539, 8.41237e-06, -0.0102539, 0, 0, 0, 0, 0, 0, 0, 0, 0, 0, -0.162258, 0, -0.162258, 0, 0, 0, 0, 0, 0, 0, 0, 0, 0, -0.167668, 0, -0.167668, 0, 0, 0, 0, 0, 0, 0, 67704.7, 123.099, 1.29953, 26.7126, 297.703, 23.1446, -1.78456, 425.557, 2171.22, 29.5868694087796307, -95.1667323485706902, 20927854.4295268543
50, 0, 0, 0, 0.33, -0.4366233837, 0.3274675377, 0.01332148902, 0, 9.9, 0.1402616314381746, -0.01713111861252942, -0.1190657192938488, 0.00476141891816765, -0.0005366393680972839, 0.005632759717486216, 0.1372421419246809, -0.0158971822122854, -0.1216765405233762, 11.59312796, 3011996.897, 102.196526148, 1296.36848849,  102.0006496405171, -0.1311197190840609,  6.322992745271874,  102.0006496405171, -0.1311197190840609,  6.322992745271874,  1283.041354433677, -168.3388713012905, -77.70563153523216, -39.32178620578448, -53.47674180447356, -77.70563153523216,  -95.6181175425538, -34.34514023157158, -11.03253809497465, -183.5821629064856,  1.959775054849827, -2134.076063134686, 11.62463733, -51.19043701300665,  2.195312187971947, -2141.345748416856,  422.6438725555581,                  0,                  0,                  0,                  0,                  0,                  0,                  0,                  0,                  0,                  0,                  0,  371.4534355425515,  2.195312187971947, -2141.345748416856, -296.4092375652117, -350.0777245074572, -7.853374480205681,  296.5375382397535,  350.0702232234779,  8.106269564521231,                  0,                  0,                  0,                  0,                  0,                  0,                  0,                  0,                  0, 0.1283006745418334, -0.007501283979252094, 0.2528950843155497, 0.00222002752, 3.690932064e-07, 0.0001662561401, 510.4350118, 2116.22, 1945.171072, 0,                  0,                  0,                  0,                  0,                  0,                  0,  1533.736419,   1.26546907,   1.01289314,   1.26546907,  1432.810417,   2.27141024,   1.01289314,   2.27141024,  2570.176064, 67.73094506,  42.97976013954675, -0.3854663146965936,  36.52808088439571, 2313.7327947505, 313.73279475048, -0.03052429643692093,  9.744648447322977,  199.8298610320999, 3.5472109028585, -0.073511388877315, 29.584271535501, -95.167805602059, -1573194.001649619, -18131473.52214693,   10332201.8248789, -1639291.793399219, -18125617.06169573,   10332201.8248789, 0.20893852389647, 313.73279475048, 2000, 3.49068902, 0.918833761, -0.516342945, 1.66099155, 1.52617515, 0.539165105, 34870829.8, 7.80917515, 1.52617515, 87.4498362, 3.49, -0.939682184, -0.342048818, -0.939917639, -0.341401278, 0.000689018813, 0.320808698, 0.321497717, -1, 1, 0, -0.000689018813, -0.000689018813, -0.000156269338, -0.00628166248, 0.348, 0, -0.00872968977, -0.0218242244, -0.0218352884, -0.0218352884, 0, 0, -1, 0.00889361865, 0, 199.844581, -199.844581, 360, 30, 0.5235, 0.5235, 0.524032749, 0, 0, 0, 100, 100, 9.87450688, -1.15803121, -1.15803121, 0, -0.0579015606, 0.0579015606, 0.0579015606, 0.0232387914, 0.000232503845, -0.0218352884, -0.00762051564, -0.00762051564, 0.00571538673, 0.00571538673, -0.0133359024, 0, 0, 9.9, 0.33, 0, 0, 0, 0, 0, 0, 0, -0, 0, -0.0102539, 8.41237e-06, -0.0102539, 0, 0, 0, 0, 0, 0, 0, 0, 0, 0, -0.162258, 0, -0.162258, 0, 0, 0, 0, 0, 0, 0, 0, 0, 0, -0.167668, 0, -0.167668, 0, 0, 0, 0, 0, 0, 0, 67544.4, 122.808, 1.29953, 26.6093, 296.538, 21.8051, -0.451882, 422.644, 2174.7, 29.5842715565637455, -95.1678057005332079, 20927963.900123693
60, 0, 0, 0, 0.33, -0.4449199185, 0.3336899389, 0.19146435, 0, 9.9, 0.02083411961644845, -0.01412368800125404, -0.01511758026936561, -0.07237463999529717, 0.0004235206059565187, 0.06237822282490595, 0.01780708113910785, -0.01289450986674937, -0.01772189642262027, 11.83294538, 3039807.453, 103.418684247, 1296.06264831,  103.2348915365238, -0.02482943182035815,  6.162856836744697,  103.2348915365238, -0.02482943182035815,  6.162856836744697,  1282.713657296737, -168.0456211360102, -78.64306038299173,  -39.8139342674308,  -54.0882976536933, -78.64306038863025, -96.75573361466625, -34.77911130637275, -11.14296556766852, -184.0318296042646,  1.527403436833689, -2134.750914823717, 11.59990051, -56.49175972874466,  1.571586954025023, -2141.923837769832,  420.0289548619265,                  0,                  0,                  0,                  0,                  0,                  0,                  0,                  0,                  0,                  0,                  0,  363.5371951331819,  1.571586954025023, -2141.923837769832, -297.3035372032951, -347.4557727970393, -4.479903161501361,  295.3679978975019,  347.4673813979466,  7.276280981678588,                  0,                  0,                  0,                  0,                  0,                  0,                  0,                  0,                  0, -1.935539305793213, 0.01160860090726601,  2.796377820177227, 0.002212711735, 3.688704383e-07, 0.0001667051485, 510.0402279, 2116.22, 1937.261548, 0,                  0,                  0,                  0,                  0,                  0,                  0,  1533.247483,  1.265396658,  1.017189761,  1.265396658,  1432.789899,  2.271080335,  1.017189761,  2.271080335,  2569.705761, 67.72555706,  42.97936074689882, -0.3854969810425043,  36.52626127485655, 2424.6527606174, 424.65276060626, 0.01718688129199877,  9.601759211343033,  199.7859787911803, 3.416355768643, -0.013755944344439, 29.581637327882, -95.168894407312, -1560365.477976626, -18133155.61241599,    10331419.833816, -1639687.723476429, -18126155.05446302,    10331419.833816, 0.25071926521888, 424.65276060626, 2000.0000000112, 3.48992313, 0.915097566, -0.51629697, 1.66101055, 1.52616932, 0.539174357, 34871222.3, 7.80916932, 1.52616932, 87.4495021, 3.49, -0.93994388, -0.341329025, -0.939917639, -0.341401278, 7.68707738e-05, 0.320898042, 0.320821171, 1, 1, 0, 7.68707738e-05, 7.68707738e-05, -0.000223096893, -0.00853913387, 0.348, 0, -0.00890275785, -0.0222568946, -0.0222501934, -0.0222501934, 0, 0, -1, 0.0205733666, 0, 199.800695, -199.800695, 360, 30, 0.5235, 0.5235, 0.523200032, 0, 0, 0, 100, 100, 9.8301389, -1.31282667, -1.31282667, 0, -0.0656413336, 0.0656413336, 0.0656413336, 0.0263451492, 0.00334168331, -0.0222501934, -0.00776531748, -0.00776531748, 0.00582398811, 0.00582398811, -0.0135893056, 0, 0, 9.9, 0.33, 0, 0, 0, 0, 0, 0, 0, -0, 0, -0.0102539, 8.41237e-06, -0.0102539, 0, 0, 0, 0, 0, 0, 0, 0, 0, 0, -0.162258, 0, -0.162258, 0, 0, 0, 0, 0, 0, 0, 0, 0, 0, -0.167668, 0, -0.167668, 0, 0, 0, 0, 0, 0, 0, 67351.2, 122.457, 1.29953, 26.504, 295.368, 20.8708, -0.0840361, 420.029, 2177.2, 29.581637348071979, -95.1688945066016174, 20928074.820198223
70, 0, 0, 0, 0.33, -0.4480455156, 0.3360341367, 0.3035363982, 0, 9.9, -0.01723416686900951, -0.009628849561506052, 0.01515264034701027, -0.01397583127591535, 0.001158381096072505, 0.01056247833584022, -0.02026568541515098, -0.008397409086300921, 0.0125546116487317, 11.99282147, 3057047.181, 104.288357607, 1295.86192389,  104.1119613876905, -0.05466349579676737,  6.062840941958842,  104.1119613876905, -0.05466349579676737,  6.062840941958842,  1282.532909506082, -167.5548052725334, -79.32747981301102,  -40.1587498248513, -54.50217693989305, -79.32747982280799, -97.56957566778456,  -35.0841259227861, -11.19569318813986, -184.6847262610727,  1.790191486849914, -2135.412187512898, 11.56247314,  -60.2284408729228,  1.886995073969527, -2142.537242999037,  417.6801912252876,                  0,                  0,                  0,                  0,                  0,                  0,                  0,                  0,                  0,                  0,                  0,  357.4517503523648,  1.886995073969527, -2142.537242999037, -294.5684521370256, -345.1168915585996, -6.285062129500212,  294.1947552559349,  345.1460091064642,  6.758452980236323,                  0,                  0,                  0,                  0,                  0,                  0,                  0,                  0,                  0, -0.3736968810907229, 0.02911754786458687, 0.4733908507361111, 0.002205361093, 3.686459568e-07, 0.0001671590008, 509.6425552, 2116.22, 1929.320509, 0,                  0,                  0,                  0,                  0,                  0,                  0,  1532.759658,  1.265324399,  1.021477276,  1.265324399,  1432.769424,  2.270751129,  1.021477276,  2.270751129,  2569.236528, 67.72018132,  42.97896220077383, -0.3855275823903091,  36.52444552202643, 2536.3843567185, 536.384356644, -0.003495062558951089,  9.495556718928448,  199.8076024920246, 3.3327901944684, -0.03003199798966, 29.578976651516, -95.169994388741, -1547539.358874944, -18134833.74923853,  10330629.80454657, -1640087.701044366, -18126698.14148928,  10330629.80454657, 0.2925000065413, 536.384356644, 2000.0000000745, 3.49030053, 0.911346485, -0.516250532, 1.66102975, 1.52616343, 0.539183704, 34871618.8, 7.80916343, 1.52616343, 87.4491647, 3.49, -0.939814994, -0.34168374, -0.939917639, -0.341401278, 0.000300534002, 0.32085404, 0.321154574, -1, 1, 0, -0.000300534002, -0.000300534002, -0.000239533653, -0.00926438078, 0.348, 0, -0.00896358782, -0.0224089696, -0.0224065027, -0.0224065027, 0, 0, -1, -0.00738058994, 0, 199.822321, -199.822321, 360, 30, 0.5235, 0.5235, 0.523561, 0, 0, 0, 100, 100, 9.78544626, -1.41024693, -1.41024693, 0, -0.0705123465, 0.0705123465, 0.0705123465, 0.0283001303, 0.00529770955, -0.0224065027, -0.00781986945, -0.00781986945, 0.00586490209, 0.00586490209, -0.0136847715, 0, 0, 9.9, 0.33, 0, 0, 0, 0, 0, 0, 0, -0, 0, -0.0102539, 8.41237e-06, -0.0102539, 0, 0, 0, 0, 0, 0, 0, 0, 0, 0, -0.162258, 0, -0.162258, 0, 0, 0, 0, 0, 0, 0, 0, 0, 0, -0.167668, 0, -0.167668, 0, 0, 0, 0, 0, 0, 0, 67129.7, 122.054, 1.29953, 26.3976, 294.195, 20.2464, -0.182442, 417.68, 2178.79, 29.5789766710397686, -95.1699944881181921, 20928186.5519423112
80, 0, 0, 0, 0.33, -0.4400333009, 0.3300249756, 0.3726658206, 0, 9.9, -0.00488822201153094, -0.007265198112258993, 0.003839145744004408, 0.008841584681169279, 0.0002479857727999576, -0.007820341097330596, -0.007923342116161827, -0.006032721739578902, 0.001245817497108285, 12.09615909, 3066940.515, 104.911756317, 1295.73638033,  104.7398693488365, -0.07117849057695591,  6.002609092367041,  104.7398693488365, -0.07117849057695591,  6.002609092367041,  1282.456281854845, -166.9286620966393, -79.83404175567138, -40.39887173314013, -54.78077722255798, -79.83404175751075, -98.15757797794636, -35.29704061426799, -11.21095103621009, -185.0955208043313,  1.862467516783483, -2135.828333572082, 11.53906007, -62.58786451220264,  1.988047101712436, -2142.919806707871,  415.5203603924938,                  0,                  0,                  0,                  0,                  0,                  0,                  0,                  0,                  0,                  0,                  0,  352.9324958802911,  1.988047101712436, -2142.919806707871, -292.7848513912855, -343.3195496309239, -6.770534221673402,  293.0211732377974,  343.3256285945491,  6.420065893457602,                  0,                  0,                  0,                  0,                  0,                  0,                  0,                  0,                  0, 0.2363218465118848, 0.00607896362515703, -0.3504683282157997, 0.002198007503, 3.684207272e-07, 0.0001676157733, 509.2437063, 2116.22, 1921.382492, 0,                  0,                  0,                  0,                  0,                  0,                  0,  1532.273133,  1.265252323,   1.02575401,  1.265252323,  1432.749001,  2.270422751,   1.02575401,  2.270422751,  2568.768549, 67.71481995,  42.97856465665028, -0.3855581068019892,  36.52263433425626, 2648.4464150108, 648.44641500339, -0.01370756423955682,  9.414409984885939,  199.8166735114353, 3.280015349087, -0.038872930529587, 29.576296986924, -95.171102307961, -1534714.466012722, -18136506.26455215,  10329833.87503831, -1640490.542806053, -18127244.65425708,  10329833.87503831, 0.33428074786371, 648.44641500339, 2000.0000000075, 3.49045885, 0.907596831, -0.516203763, 1.66104909, 1.5261575, 0.539193118, 34872018.1, 7.8091575, 1.5261575, 87.4488248, 3.49, -0.939760887, -0.341832526, -0.939917639, -0.341401278, 0.000458853157, 0.320835568, 0.321294421, -1, 1, 0, -0.000458853157, -0.000458853157, -0.000219611029, -0.00888724612, 0.348, 0, -0.00880193055, -0.0220048264, -0.0220058164, -0.0220058164, 0, 0, -1, -0.0132419667, 0, 199.831392, -199.831392, 360, 30, 0.5235, 0.5235, 0.523739242, 0, 0, 0, 100, 100, 9.74062143, -1.4703296, -1.4703296, 0, -0.0735164801, 0.0735164801, 0.0735164801, 0.0295058393, 0.00650424558, -0.0220058164, -0.00768002992, -0.00768002992, 0.00576002244, 0.00576002244, -0.0134400524, 0, 0, 9.9, 0.33, 0, 0, 0, 0, 0, 0, 0, -0, 0, -0.0102539, 8.41237e-06, -0.0102539, 0, 0, 0, 0, 0, 0, 0, 0, 0, 0, -0.162258, 0, -0.162258, 0, 0, 0, 0, 0, 0, 0, 0, 0, 0, -0.167668, 0, -0.167668, 0, 0, 0, 0, 0, 0, 0, 66889.1, 121.616, 1.29953, 26.2907, 293.021, 19.8228, -0.234929, 415.52, 2179.75, 29.5762970059748049, -95.1711024074431862, 20928298.6141439155
90, 0, 0, 0, 0.33, -0.4330498739, 0.3247874054, 0.4116851869, 0, 9.9, 0.002096849539709865, -0.006062444781147189, -0.001883942986250534, 0.002592163639851863, -4.770789174734173e-06, -0.002044877908142734, -0.0009413855171303107, -0.004830266553503475, -0.004473763059228311, 12.1600789, 3071776.429, 105.364549965, 1295.65736408,   105.195291942574, -0.06484526054762993,  5.969483860648192,   105.195291942574, -0.06484526054762993,  5.969483860648192,  1282.446340714057, -166.2071115790066, -80.21586099470684, -40.57161613956676, -54.96406096654752, -80.21586100019381, -98.58724178910316, -35.45142747972387, -11.20001947230057, -185.2872125340507,  1.799290613570624, -2136.057438301405, 11.52835864, -63.96898303766769,  1.913322910711148, -2143.123952715445,  413.4947656399551,                  0,                  0,                  0,                  0,                  0,                  0,                  0,                  0,                  0,                  0,                  0,  349.5257826022874,  1.913322910711148, -2143.123952715445, -291.7805296542179, -341.6525012355684, -6.294338969336756,  291.8498095064118,  341.6523617032362,  6.202710537900541,                  0,                  0,                  0,                  0,                  0,                  0,                  0,                  0,                  0, 0.06927985219385846, -0.0001395323321844444, -0.09162843143621568, 0.00219067199, 3.681953915e-07, 0.0001680741769, 508.8448188, 2116.22, 1913.470188, 0,                  0,                  0,                  0,                  0,                  0,                  0,  1531.788036,  1.265180446,  1.030018846,  1.265180446,  1432.728634,  2.270095286,  1.030018846,  2.270095286,  2568.301946, 67.70947435,  42.97816821856865, -0.3855885462890609,  36.52082818554834, 2760.5193272829, 760.519327268, -0.01107214180549315,  9.349813340776189,  199.8131365991189, 3.2478621725732, -0.035261954676171, 29.573603533235, -95.172215947853,  -1521889.99514807, -18138172.01005631,  10329033.53861178,  -1640895.43810361, -18127793.44500959,  10329033.53861178, 0.37606148918612, 760.519327268, 2000.0000000149, 3.49039712, 0.903859324, -0.516156753, 1.66106852, 1.52615154, 0.539202582, 34872419.5, 7.80915154, 1.52615154, 87.4484834, 3.49, -0.939781986, -0.341774513, -0.939917639, -0.341401278, 0.000397122392, 0.320842771, 0.321239893, -1, 1, 0, -0.000397122392, -0.000397122392, -0.000203877062, -0.00862576991, 0.348, 0, -0.00866236684, -0.0216559171, -0.0216565792, -0.0216565792, 0, 0, -1, -0.00913770278, 0, 199.827855, -199.827855, 360, 30, 0.5235, 0.5235, 0.523693245, 0, 0, 0, 100, 100, 9.69579227, -1.5042272, -1.5042272, 0, -0.0752113602, 0.0752113602, 0.0752113602, 0.0301860794, 0.00718526199, -0.0216565792, -0.00755814613, -0.00755814613, 0.00566860959, 0.00566860959, -0.0132267557, 0, 0, 9.9, 0.33, 0, 0, 0, 0, 0, 0, 0, -0, 0, -0.0102539, 8.41237e-06, -0.0102539, 0, 0, 0, 0, 0, 0, 0, 0, 0, 0, -0.162258, 0, -0.162258, 0, 0, 0, 0, 0, 0, 0, 0, 0, 0, -0.167668, 0, -0.167668, 0, 0, 0, 0, 0, 0, 0, 66636, 121.156, 1.29953, 26.1838, 291.85, 19.5328, -0.212067, 413.495, 2180.27, 29.5736035519492759, -95.1722160475039232, 20928410.6871930733
100, 0, 0, 0, 0.33, -0.4293335121, 0.3220001341, 0.4298291836, 0, 9.9, 0.0008051682805351838, -0.005127715284845747, -0.0006447474428802424, -0.001088774422674181, 6.792190779165958e-05, 0.0009773450692193127, -0.002235628071095344, -0.003895753588183133, -0.003231662861472476, 12.196118, 3073070.722, 105.696904972, 1295.60987829,   105.528971190036, -0.05995955870993934,   5.95553231550442,   105.528971190036, -0.05995955870993934,   5.95553231550442,  1282.482005222944, -165.4181642717269, -80.50896804177586, -40.69800122587831,  -55.0800733617734, -80.50896805370807, -98.90462596814201, -35.56569768413501,  -11.1710264853129, -185.3872761736095,  1.762894439406896,  -2136.20499845831, 11.52293212,  -64.7264273799404,  1.868060331363533, -2143.256948046914,   411.568536007735,                  0,                  0,                  0,                  0,                  0,                  0,                  0,                  0,                  0,                  0,                  0,  346.8421086277946,  1.868060331363533, -2143.256948046914, -290.7123389748511, -340.0050205939435, -6.028958028243212,  290.6832701119062,  340.0067331700115,  6.072731263309209,                  0,                  0,                  0,                  0,                  0,                  0,                  0,                  0,                  0, -0.02906886294488231, 0.001712576068030103, 0.04377323506599673, 0.002183368661, 3.679703856e-07, 0.0001685333275, 508.4466642, 2116.22, 1905.598766, 0,                  0,                  0,                  0,                  0,                  0,                  0,   1531.30445,  1.265108783,  1.034271037,  1.265108783,  1432.708328,  2.269768793,  1.034271037,  2.269768793,  2567.836799, 67.70414543,  42.97777295595748, -0.3856188955206321,  36.51902739221504, 2872.3863159753, 872.38631601632, -0.008971471396065658,  9.296948251522473,  199.8105540950448, 3.2300636860615, -0.032502653135405, 29.57089995494, -95.173333760406, -1509065.387428026, -18139830.18261749,  10328229.85205089, -1641301.820839404, -18128343.71173062,  10328229.85205089, 0.41784223050854, 872.38631601632, 1999.999999959, 3.49035205, 0.900141127, -0.516109567, 1.66108803, 1.52614556, 0.539212081, 34872822.5, 7.80914556, 1.52614556, 87.4481407, 3.49, -0.93979739, -0.341732154, -0.939917639, -0.341401278, 0.000352049193, 0.32084803, 0.321200079, -1, 1, 0, -0.000352049193, -0.000352049193, -0.000195467478, -0.0085742019, 0.348, 0, -0.00858825474, -0.0214706368, -0.021470726, -0.021470726, 0, 0, -1, -0.00761914421, 0, 199.825272, -199.825272, 360, 30, 0.5235, 0.5235, 0.523656582, 0, 0, 0, 100, 100, 9.65104547, -1.51998101, -1.51998101, 0, -0.0759990506, 0.0759990506, 0.0759990506, 0.030502219, 0.00750193448, -0.021470726, -0.00749328338, -0.00749328338, 0.00561996253, 0.00561996253, -0.0131132459, 0, 0, 9.9, 0.33, 0, 0, 0, 0, 0, 0, 0, -0, 0, -0.0102539, 8.41237e-06, -0.0102539, 0, 0, 0, 0, 0, 0, 0, 0, 0, 0, -0.162258, 0, -0.162258, 0, 0, 0, 0, 0, 0, 0, 0, 0, 0, -0.167668, 0, -0.167668, 0, 0, 0, 0, 0, 0, 0, 66374.9, 120.682, 1.29953, 26.0772, 290.683, 19.3352, -0.194562, 411.569, 2180.48, 29.5708999734052327, -95.1733338601850107, 20928522.5543193407
110, 0, 0, 0, 0.33, -0.4267283221, 0.3200462415, 0.433780233, 0, 9.9, -0.0002158331417812864, -0.004629718346846956, 0.0002049675264189008, -0.0003618326952597107, -0.0001668324160570517, 0.0002884545014407163, -0.003258765488908236, -0.00339775277893656, -0.002379433182976395, 12.2122585, 3071858.694, 105.943144743, 1295.58560775,  105.7756280307514, -0.05967067300239116,  5.955071125373271,  105.7756280307514, -0.05967067300239116,  5.955071125373271,  1282.550694740213, -164.5814688651528, -80.73860626059125, -40.79057677885926, -55.14849248113268, -80.73860626954017,  -99.1419172707955,  -35.6505803990991, -11.12952273547725, -185.4337396940906,  1.755470510578198, -2136.280098560636, 11.52044985, -65.05908200065774,  1.859912629720476, -2143.325749757636,  409.7177818586952,                  0,                  0,                  0,                  0,                  0,                  0,                  0,                  0,                  0,                  0,                  0,  344.6586998580374,  1.859912629720476, -2143.325749757636, -289.5329897242794, -338.4159631786587, -5.988622600342158,  289.5233321181374,  338.4117919744176,  6.001523273435996,                  0,                  0,                  0,                  0,                  0,                  0,                  0,                  0,                  0, -0.009657606142070563, -0.004171204241174564, 0.01290067309383858, 0.00217610709, 3.677460104e-07, 0.0001689926071, 508.0497739, 2116.22, 1897.778467, 0,                  0,                  0,                  0,                  0,                  0,                  0,  1530.822431,  1.265037341,  1.038510089,  1.265037341,  1432.688085,  2.269443308,  1.038510089,  2.269443308,  2567.373163, 67.69883382,  42.97737891455998, -0.3856491509844258,  36.51723216265984, 2983.8980816491, 983.89808161929, -0.008942562873880951,   9.25245786367614,  199.8100933228394, 3.2222984100916, -0.032270874276994, 29.568188859974, -95.174454642432, -1496240.247557554, -18141480.21436973,  10327423.56994971, -1641709.288022086, -18128894.88800687,  10327423.56994971, 0.45962297183095, 983.89808161929, 2000.0000000298, 3.49034401, 0.896447079, -0.516062249, 1.6611076, 1.52613957, 0.539221607, 34873226.5, 7.80913957, 1.52613957, 87.4477972, 3.49, -0.939800139, -0.341724596, -0.939917639, -0.341401278, 0.000344007201, 0.320848968, 0.321192975, -1, 1, 0, -0.000344007201, -0.000344007201, -0.000187930035, -0.00853991605, 0.348, 0, -0.00853614905, -0.0213403726, -0.0213404419, -0.0213404419, 0, 0, -1, -0.00785711882, 0, 199.824812, -199.824812, 360, 30, 0.5235, 0.5235, 0.523656077, 0, 0, 0, 100, 100, 9.60644077, -1.52308197, -1.52308197, 0, -0.0761540984, 0.0761540984, 0.0761540984, 0.0305644474, 0.0075708933, -0.0213404419, -0.00744781423, -0.00744781423, 0.00558586067, 0.00558586067, -0.0130336749, 0, 0, 9.9, 0.33, 0, 0, 0, 0, 0, 0, 0, -0, 0, -0.0102539, 8.41237e-06, -0.0102539, 0, 0, 0, 0, 0, 0, 0, 0, 0, 0, -0.162258, 0, -0.162258, 0, 0, 0, 0, 0, 0, 0, 0, 0, 0, -0.167668, 0, -0.167668, 0, 0, 0, 0, 0, 0, 0, 66108.9, 120.198, 1.29953, 25.971, 289.523, 19.202, -0.192305, 409.718, 2180.47, 29.5681888782499129, -95.1744547422949694, 20928634.0662239119
120, 0, 0, 0, 0.33, -0.424124147, 0.3180931103, 0.433780233, 0, 9.9, -8.986255701769738e-05, -0.006498679432646283, 8.031660508206301e-05, 0.0001265611576411082, 0.0002124872305533928, -0.0001142853677876618, -0.003135475518447692, -0.005266719516816775, -0.002500927264250537, 12.22119719, 3069754.01, 106.15785337, 1295.56896193,  105.9904686102475, -0.05945698453472685,  5.958763357754005,  105.9904686102475, -0.05945698453472685,  5.958763357754005,  1282.632056289526, -163.7048946339021,  -80.9607977792495, -40.86962777037888, -55.17710195900658, -80.96079779553676, -99.35257220772823, -35.72557939675186, -11.05618409978125, -185.4479913225912,  1.746030494019695,   -2136.2000577811, 11.5191329, -65.24720505886478,  1.849896095386028, -2143.241487347725,  407.8979732218116,                  0,                  0,                  0,                  0,                  0,                  0,                  0,                  0,                  0,                  0,                  0,  342.6507681629469,  1.849896095386028, -2143.241487347725, -288.3646692831986,  -336.844517844295, -5.938550925199229,   288.368064615873,  336.8498266083125,  5.933425484490655,                  0,                  0,                  0,                  0,                  0,                  0,                  0,                  0,                  0, 0.003395332674472229, 0.005308764017513568, -0.005125440708574125, 0.002168899811, 3.675226622e-07, 0.0001694511938, 507.6548471, 2116.22, 1890.022683, 0,                  0,                  0,                  0,                  0,                  0,                  0,  1530.342009,  1.264966125,  1.042735728,  1.264966125,  1432.667906,  2.269118853,  1.042735728,  2.269118853,  2566.911065, 67.69353984,  42.97698612005686, -0.3856793107086142,  36.51544261388246, 3094.8581680916, 1094.8581680581, -0.008836054521927775,  9.195887864341806,  199.8095320468236, 3.2177702402529, -0.032090272611758, 29.56547187112, -95.17557790813,  -1483414.32511683, -18143121.66173101,  10326615.11076899, -1642117.580969226, -18129446.53161278,  10326615.11076899, 0.50140371315336, 1094.8581680581, 2000.0000000335, 3.49033421, 0.892783506, -0.516014829, 1.6611272, 1.52613356, 0.539231153, 34873631.5, 7.80913356, 1.52613356, 87.4474531, 3.49, -0.939803486, -0.34171539, -0.939917639, -0.341401278, 0.000334211086, 0.320850111, 0.321184322, -1, 1, 0, -0.000334211086, -0.000334211086, -0.000179992842, -0.00848559425, 0.348, 0, -0.00848402585, -0.0212100646, -0.0212102086, -0.0212102086, 0, 0, -1, -0.00773388558, 0, 199.82425, -199.82425, 360, 30, 0.5235, 0.5235, 0.523654218, 0, 0, 0, 100, 100, 9.57154255, -1.48464155, -1.48464155, 0, -0.0742320775, 0.0742320775, 0.0742320775, 0.0297930443, 0.0075708933, -0.0212102086, -0.0074023628, -0.0074023628, 0.0055517721, 0.0055517721, -0.0129541349, 0, 0, 9.9, 0.33, 0, 0, 0, 0, 0, 0, 0, -0, 0, -0.0102539, 8.41237e-06, -0.0102539, 0, 0, 0, 0, 0, 0, 0, 0, 0, 0, -0.162258, 0, -0.162258, 0, 0, 0, 0, 0, 0, 0, 0, 0, 0, -0.167668, 0, -0.167668, 0, 0, 0, 0, 0, 0, 0, 65842.1, 119.713, 1.29953, 25.8657, 288.368, 19.0899, -0.19038, 407.898, 2180.37, 29.5654718891141286, -95.1755780081153944, 20928745.0264477767
130, 0, 0, 0, 0.33, -0.4214244557, 0.3160683418, 0.433780233, 0, 9.9, 7.670334904167398e-05, -0.004813291380228095, -5.706476633433519e-05, 5.03003285514056e-05, -0.0002116859006891494, -4.024360540154012e-05, -0.002971263139821952, -0.003581349264000357, -0.002635537640571916, 12.23369584, 3068114.983, 106.387451779, 1295.5492448,  106.2202452732729, -0.05926781359275108,  5.962036348873363,  106.2202452732729, -0.05926781359275108,  5.962036348873363,  1282.707000921942, -162.8478005827118,  -81.1861400112136, -40.95471003939561, -55.22510562499378, -81.18614002820745, -99.57577400810878, -35.80483125682778, -10.99859935348752, -185.4986044594299,  1.736853301283449, -2136.513318707111, 11.51767866, -65.47419199076415,  1.840193195730503, -2143.551178255564,  406.0855126103287,                  0,                  0,                  0,                  0,                  0,                  0,                  0,                  0,                  0,                  0,                  0,  340.6113206195645,  1.840193195730503, -2143.551178255564, -287.2233381570404, -335.2999832333393, -5.889117364773519,  287.2246849013778,  335.2946873468003,  5.887295563772022,                  0,                  0,                  0,                  0,                  0,                  0,                  0,                  0,                  0, 0.001346744337467953, -0.005295886538931427, -0.001821801001496759, 0.002161756935, 3.673006662e-07, 0.000169908402, 507.2624568, 2116.22, 1882.342161, 0,                  0,                  0,                  0,                  0,                  0,                  0,  1529.863171,  1.264895134,  1.046948074,  1.264895134,   1432.64779,  2.268795419,  1.046948074,  2.268795419,  2566.450493, 67.68826334,  42.97659456114452, -0.385709375561116,  36.51365869438435, 3205.1056136377, 1205.1056135744, -0.008606552032120206,   9.14657239300896,  199.8088576265968, 3.2125840358473, -0.031919138006415, 29.562748810739, -95.17670362678, -1470587.638753183, -18144754.41527496,  10325804.33854314,  -1642526.71193363, -18129998.53266619,  10325804.33854314, 0.54318445447578, 1205.1056135744, 2000.0000000633, 3.49032244, 0.889155485, -0.515967303, 1.66114685, 1.52612755, 0.539240721, 34874037.3, 7.80912755, 1.52612755, 87.4471083, 3.49, -0.939807508, -0.341704327, -0.939917639, -0.341401278, 0.000322440233, 0.320851484, 0.321173925, -1, 1, 0, -0.000322440233, -0.000322440233, -0.000172227563, -0.00842868698, 0.348, 0, -0.0084300257, -0.0210750643, -0.0210751986, -0.0210751986, 0, 0, -1, -0.00749062895, 0, 199.823576, -199.823576, 360, 30, 0.5235, 0.5235, 0.523650213, 0, 0, 0, 100, 100, 9.53846832, -1.46013104, -1.46013104, 0, -0.0730065519, 0.0730065519, 0.0730065519, 0.0293011796, 0.0075708933, -0.0210751986, -0.0073552443, -0.0073552443, 0.00551643323, 0.00551643323, -0.0128716775, 0, 0, 9.9, 0.33, 0, 0, 0, 0, 0, 0, 0, -0, 0, -0.0102539, 8.41237e-06, -0.0102539, 0, 0, 0, 0, 0, 0, 0, 0, 0, 0, -0.162258, 0, -0.162258, 0, 0, 0, 0, 0, 0, 0, 0, 0, 0, -0.167668, 0, -0.167668, 0, 0, 0, 0, 0, 0, 0, 65579, 119.234, 1.29953, 25.7614, 287.225, 18.9744, -0.188523, 406.086, 2180.3, 29.5627488285062903, -95.1767037268664922, 20928855.2740307711
140, 0, 0, 0, 0.33, -0.4188591358, 0.3141443519, 0.433780233, 0, 9.9, 2.348679009673813e-05, -0.006117630678827128, -8.518882449376189e-06, -1.813533653378611e-05, 0.0002293901341907031, 1.657681328615589e-05, -0.003027150708592681, -0.004885717538579195, -0.002583844944541722, 12.2431278, 3066106.868, 106.603304152, 1295.53248493,   106.436234900192, -0.05864400292136999,  5.965644744101626,   106.436234900192, -0.05864400292136999,  5.965644744101626,  1282.786884989528, -161.9714571764941, -81.40930085128231, -41.03411805386872, -55.25388082255083, -81.40930087516573, -99.78738521629654, -35.88016274546456, -10.92502322414745,   -185.51744646374,  1.725321428956136,  -2136.50080809625, 11.51644144,  -65.6646695825977,  1.827376969623851, -2143.534514425744,  404.2947777106974,                  0,                  0,                  0,                  0,                  0,                  0,                  0,                  0,                  0,                  0,                  0,  338.6301081280997,  1.827376969623851, -2143.534514425744, -286.0892145026714, -333.7524798187423, -5.823213633495178,  286.0887474981188,  333.7582133168521,  5.823949775346011,                  0,                  0,                  0,                  0,                  0,                  0,                  0,                  0,                  0, -0.0004670045526040667, 0.005733498109805168, 0.0007361418508331496, 0.002154671399, 3.670798156e-07, 0.0001703646392, 506.8722345, 2116.22, 1874.729171, 0,                  0,                  0,                  0,                  0,                  0,                  0,  1529.385906,  1.264824365,  1.051147202,  1.264824365,  1432.627737,  2.268472999,  1.051147202,  2.268472999,  2565.991438, 67.68300421,  42.97620423098819, -0.385739346066721,   36.5118803730268, 3314.7439135872, 1314.7439135872, -0.008254669827815796,  9.090189084879137,  199.8080875571445, 3.2080147547118, -0.031519229702664, 29.560019962006, -95.177831679854, -1457760.159714174, -18146378.51689076,  10324991.39420724, -1642936.646996342, -18130550.93303788,  10324991.39420724, 0.58496519579819, 1314.7439135872, 2000, 3.490309, 0.885559363, -0.515919675, 1.66116654, 1.52612152, 0.539250309, 34874444.1, 7.80912152, 1.52612152, 87.446763, 3.49, -0.939812101, -0.341691696, -0.939917639, -0.341401278, 0.000308999985, 0.320853052, 0.321162052, -1, 1, 0, -0.000308999985, -0.000308999985, -0.000164928818, -0.00837830063, 0.348, 0, -0.00837871055, -0.0209467764, -0.0209469084, -0.0209469084, 0, 0, -1, -0.00719686762, 0, 199.822806, -199.822806, 360, 30, 0.5235, 0.5235, 0.523644071, 0, 0, 0, 100, 100, 9.50557683, -1.4194464, -1.4194464, 0, -0.0709723199, 0.0709723199, 0.0709723199, 0.0284847406, 0.0075708933, -0.0209469084, -0.00731047102, -0.00731047102, 0.00548285327, 0.00548285327, -0.0127933243, 0, 0, 9.9, 0.33, 0, 0, 0, 0, 0, 0, 0, -0, 0, -0.0102539, 8.41237e-06, -0.0102539, 0, 0, 0, 0, 0, 0, 0, 0, 0, 0, -0.162258, 0, -0.162258, 0, 0, 0, 0, 0, 0, 0, 0, 0, 0, -0.167668, 0, -0.167668, 0, 0, 0, 0, 0, 0, 0, 65316.8, 118.758, 1.29953, 25.658, 286.089, 18.8639, -0.18534, 404.295, 2180.2, 29.5600199794909457, -95.1778317800654321, 20928964.9124670438
150, 0, 0, 0, 0.33, -0.4162715759, 0.3122036819, 0.433780233, 0, 9.9, 4.221405509051346e-05, -0.004992234878444199, -2.286574341142648e-05, -4.972049451881832e-06, -0.0002235938828908135, 4.313071702196782e-06, -0.003010708500927921, -0.003760337227317967, -0.002595489987948162, 12.25474883, 3064390.773, 106.828139402, 1295.51418692,  106.6612351346879, -0.05843735015241248,  5.968992605344194,  106.6612351346879, -0.05843735015241248,  5.968992605344194,  1282.862481868161, -161.1129850365796, -81.63006295000467, -41.11743984670564, -55.30045506854805, -81.63006297328432,  -100.005836746779, -35.95778145131106, -10.86839183295556, -185.5602324096629,  1.716469409865518, -2136.733952630319, 11.51504245,  -65.8799488579681,  1.817974695847305, -2143.763993015282,  402.5159087861472,                  0,                  0,                  0,                  0,                  0,                  0,                  0,                  0,                  0,                  0,                  0,  336.6359599281791,  1.817974695847305, -2143.763993015282, -284.9648920084019, -332.2369690910507,  -5.77599082172648,  284.9647638392258,  332.2313760727042,  5.776162807497345,                  0,                  0,                  0,                  0,                  0,                  0,                  0,                  0,                  0, -0.0001281691760937065, -0.005593018346473855, 0.0001719857708648576, 0.002147647898, 3.668602686e-07, 0.0001708195598, 506.4844579, 2116.22, 1867.188623, 0,                  0,                  0,                  0,                  0,                  0,                  0,  1528.910198,  1.264753816,  1.055333259,  1.264753816,  1432.607747,  2.268151584,  1.055333259,  2.268151584,  2565.533882, 67.67776227,  42.97581511581855, -0.3857692232826714,  36.51010758707749, 3423.6950698942, 1423.6950699016, -0.008024109165034973,   9.04227240668515,   199.807449380068, 3.2030543636545, -0.031342057583191, 29.557285093511, -95.178962164462, -1444931.922256046, -18147993.93801463,  10324176.16565585, -1643347.414596222, -18131103.70355622,  10324176.16565585, 0.6267459371206, 1423.6950699016, 1999.9999999925, 3.49029786, 0.88199746, -0.515871943, 1.66118627, 1.52611548, 0.539259918, 34874851.7, 7.80911548, 1.52611548, 87.446417, 3.49, -0.939815907, -0.341681228, -0.939917639, -0.341401278, 0.000297861694, 0.320854351, 0.321152213, -1, 1, 0, -0.000297861694, -0.000297861694, -0.000157814569, -0.00832621633, 0.348, 0, -0.00832695311, -0.0208173828, -0.020817506, -0.020817506, 0, 0, -1, -0.00699082032, 0, 199.822167, -199.822167, 360, 30, 0.5235, 0.5235, 0.523640047, 0, 0, 0, 100, 100, 9.47289148, -1.39550035, -1.39550035, 0, -0.0697750177, 0.0697750177, 0.0697750177, 0.0280042034, 0.0075708933, -0.020817506, -0.00726530958, -0.00726530958, 0.00544898219, 0.00544898219, -0.0127142918, 0, 0, 9.9, 0.33, 0, 0, 0, 0, 0, 0, 0, -0, 0, -0.0102539, 8.41237e-06, -0.0102539, 0, 0, 0, 0, 0, 0, 0, 0, 0, 0, -0.162258, 0, -0.162258, 0, 0, 0, 0, 0, 0, 0, 0, 0, 0, -0.167668, 0, -0.167668, 0, 0, 0, 0, 0, 0, 0, 65057.9, 118.287, 1.29953, 25.5556, 284.965, 18.7518, -0.183488, 402.516, 2180.13, 29.5572851107768138, -95.1789622647712719, 20929073.8637599684
160, 0, 0, 0, 0.33, -0.4137477749, 0.3103108312, 0.433780233, 0, 9.9, 9.545396728549046e-06, -0.00577944396392505, 5.547731371638614e-06, 5.530794655088128e-07, 0.0002295093124685534, -3.122419388041911e-07, -0.003046007620202134, -0.004547566222926211, -0.002563961259216955, 12.26456634, 3062465.111, 107.044666964, 1295.49743283,  106.8779030924109, -0.05796190574379021,  5.972536852671407,  106.8779030924109, -0.05796190574379021,  5.972536852671407,  1282.940999896724, -160.2374272036674, -81.85325999762803, -41.19709947038051, -55.32995163346624, -81.85326002698993, -100.2178609167747, -36.03329031283339, -10.79551166352182, -185.5845756578052,  1.706000287476105, -2136.778717759199, 11.51377322, -66.07335288626676,  1.806489262924855, -2143.804767804807,  400.7542729063811,                  0,                  0,                  0,                  0,                  0,                  0,                  0,                  0,                  0,                  0,                  0,  334.6809200201143,  1.806489262924855, -2143.804767804807, -283.8479286606148, -330.7142380450898, -5.717377080486282,  283.8479594136766,  330.7199740768726,  5.717358004484448,                  0,                  0,                  0,                  0,                  0,                  0,                  0,                  0,                  0, 3.075306182154236e-05, 0.005736031782760165, -1.90760018341507e-05, 0.002140681825, 3.666418937e-07, 0.0001712734183, 506.0988917, 2116.22, 1859.715437, 0,                  0,                  0,                  0,                  0,                  0,                  0,  1528.436038,  1.264683486,   1.05950631,  1.264683486,  1432.587819,  2.267831167,   1.05950631,  2.267831167,  2565.077819, 67.67253742,  42.97542720956957, -0.3857990076747317,  36.50834030890004, 3532.0251726955, 1532.0251726508, -0.007741020700765113,  8.986623566451767,  199.8067760889247, 3.1984685703544, -0.031024177365581, 29.554544489187, -95.180094963284, -1432102.895348409, -18149600.68789275,  10323358.77561125, -1643758.978247194, -18131656.85353255,  10323358.77561125, 0.66852667844302, 1532.0251726508, 2000.0000000447, 3.49028611, 0.878467377, -0.51582411, 1.66120604, 1.52610943, 0.539269547, 34875260.1, 7.80910943, 1.52610943, 87.4460704, 3.49, -0.939819922, -0.341670184, -0.939917639, -0.341401278, 0.000286110547, 0.320855722, 0.321141833, -1, 1, 0, -0.000286110547, -0.000286110547, -0.000151004248, -0.00827629828, 0.348, 0, -0.00827646488, -0.0206911622, -0.0206912921, -0.0206912921, 0, 0, -1, -0.00675214073, 0, 199.821494, -199.821494, 360, 30, 0.5235, 0.5235, 0.523635106, 0, 0, 0, 100, 100, 9.44039245, -1.35511922, -1.35511922, 0, -0.0677559608, 0.0677559608, 0.0677559608, 0.0271938549, 0.0075708933, -0.0206912921, -0.00722126095, -0.00722126095, 0.00541594571, 0.00541594571, -0.0126372067, 0, 0, 9.9, 0.33, 0, 0, 0, 0, 0, 0, 0, -0, 0, -0.0102539, 8.41237e-06, -0.0102539, 0, 0, 0, 0, 0, 0, 0, 0, 0, 0, -0.162258, 0, -0.162258, 0, 0, 0, 0, 0, 0, 0, 0, 0, 0, -0.167668, 0, -0.167668, 0, 0, 0, 0, 0, 0, 0, 64800.2, 117.819, 1.29953, 25.4541, 283.848, 18.643, -0.180832, 400.754, 2180.04, 29.5545445061746257, -95.1800950637160668, 20929182.1939982213
170, 0, 0, 0, 0.33, -0.4112239949, 0.3084179962, 0.433780233, 0, 9.9, 4.245820225190445e-05, -0.005123105044821902, -2.076262877870572e-05, 2.030772509637298e-07, -0.0002126274710313769, 1.56502398963684e-07, -0.003015334609543727, -0.003891243038871218, -0.00258761334100615, 12.27544077, 3060688.744, 107.265279462, 1295.48039539,  107.0986689809637, -0.05770496994155448,  5.975947683635602,  107.0986689809637, -0.05770496994155448,  5.975947683635602,  1283.017080312398, -159.3771776198812,  -82.0703461262711, -41.27881951936763, -55.37470111168044, -82.07034615419796, -100.4321613725949, -36.10946981462335, -10.73905646349811, -185.6207821678022,  1.696919275500439, -2136.946411026926, 11.51243081, -66.27828845928452,  1.796776520736601, -2143.968721316035,  399.0078045929988,                  0,                  0,                  0,                  0,                  0,                  0,                  0,                  0,                  0,                  0,                  0,  332.7295161337143,  1.796776520736601, -2143.968721316035, -282.7428920131397,  -329.226803680869, -5.668370505272828,  282.7429023451565,  329.2214849616713,   5.66835656524154,                  0,                  0,                  0,                  0,                  0,                  0,                  0,                  0,                  0, 1.033201681366336e-05, -0.005318719197759947, -1.394003128840637e-05, 0.002133775644, 3.664247799e-07, 0.0001717260111, 505.7156911, 2116.22, 1852.31213, 0,                  0,                  0,                  0,                  0,                  0,                  0,  1527.963409,  1.264613374,  1.063666506,  1.264613374,  1432.567952,  2.267511737,  1.063666506,  2.267511737,   2564.62323, 67.66732947,  42.97504049832244, -0.3858287003116226,  36.50657847508107, 3639.6906232126, 1639.6906231977, -0.007490280815968773,  8.939609332391756,  199.8061458272404, 3.1937081823483, -0.03082312758272, 29.551797928392, -95.181230167944, -1419273.113772614, -18151198.76601667,  10322539.13236002, -1644171.367177472, -18132210.38181161,  10322539.13236002, 0.71030741976543, 1639.6906231977, 2000.0000000149, 3.49027511, 0.874970302, -0.515776174, 1.66122585, 1.52610337, 0.539279197, 34875669.5, 7.80910337, 1.52610337, 87.4457231, 3.49, -0.93982368, -0.341659846, -0.939917639, -0.341401278, 0.000275110405, 0.320857005, 0.321132116, -1, 1, 0, -0.000275110405, -0.000275110405, -0.000144380343, -0.00822524192, 0.348, 0, -0.00822598296, -0.0205649574, -0.0205650793, -0.0205650793, 0, 0, -1, -0.00652479781, 0, 199.820864, -199.820864, 360, 30, 0.5235, 0.5235, 0.52363073, 0, 0, 0, 100, 100, 9.40809281, -1.33096365, -1.33096365, 0, -0.0665481825, 0.0665481825, 0.0665481825, 0.0267091131, 0.0075708933, -0.0205650793, -0.00717721267, -0.00717721267, 0.00538290951, 0.00538290951, -0.0125601222, 0, 0, 9.9, 0.33, 0, 0, 0, 0, 0, 0, 0, -0, 0, -0.0102539, 8.41237e-06, -0.0102539, 0, 0, 0, 0, 0, 0, 0, 0, 0, 0, -0.162258, 0, -0.162258, 0, 0, 0, 0, 0, 0, 0, 0, 0, 0, -0.167668, 0, -0.167668, 0, 0, 0, 0, 0, 0, 0, 64545.4, 117.355, 1.29953, 25.3536, 282.743, 18.5342, -0.178877, 399.008, 2179.96, 29.5517979451656778, -95.1812302684716229, 20929289.859584488
180, 0, 0, 0, 0.33, -0.408742932, 0.306557199, 0.433780233, 0, 9.9, 1.240104965082225e-05, -0.005494224140565734, 5.753836416346253e-06, -4.515578862187532e-08, 0.0002105278714233548, 5.267445692624027e-07, -0.00304796603740422, -0.004262377634624771, -0.00255803455827766, 12.28551349, 3058828.71, 107.48191261, 1295.46382169,  107.3154440565487, -0.05729571622587364,  5.979441647627901,  107.3154440565487, -0.05729571622587364,  5.979441647627901,  1283.094431018729, -158.5026684271494, -82.29276089214963, -41.35853676919613, -55.40518458889266, -82.29276089214964, -100.6440081658825, -36.18493886066564, -10.66749071836442, -185.6490099323769,  1.687017541747394, -2137.034064637691, 11.5111525,  -66.4729250978678,  1.785981795074234, -2144.052507481314,  397.2752776189536,                  0,                  0,                  0,                  0,                  0,                  0,                  0,                  0,                  0,                  0,                  0,  330.8023525210858,  1.785981795074234, -2144.052507481314, -281.6449663028181, -327.7299964952957, -5.613472468220878,  281.6449800684687,  327.7352578087249,  5.613490877147504,                  0,                  0,                  0,                  0,                  0,                  0,                  0,                  0,                  0, 1.376565052169099e-05, 0.005261313429173242, 1.840892662663407e-05, 0.002126926767, 3.662088579e-07, 0.0001721774645, 505.3347312, 2116.22, 1844.975795, 0,                  0,                  0,                  0,                  0,                  0,                  0,  1527.492303,  1.264543476,  1.067813909,  1.264543476,  1432.548147,  2.267193289,  1.067813909,  2.267193289,  2564.170109, 67.66213834,  42.97465497626867, -0.3858583016393348,   36.5048220591575, 3746.7265240327, 1746.7265239917, -0.007232258797696213,  8.885070596511147,   199.805524353135, 3.1891299285279, -0.030542840182939, 29.549045674834, -95.182367670284, -1406442.547566226,  -18152788.1581167,  10321717.33691484, -1644584.545694249, -18132764.27423933,  10321717.33691484, 0.75208816108784, 1746.7265239917, 2000.000000041, 3.49026426, 0.871504863, -0.515728138, 1.66124571, 1.5260973, 0.539288866, 34876079.6, 7.8090973, 1.5260973, 87.4453753, 3.49, -0.939827386, -0.341649652, -0.939917639, -0.341401278, 0.000264263636, 0.320858271, 0.321122534, -1, 1, 0, -0.000264263636, -0.000264263636, -0.000138036908, -0.00817613344, 0.348, 0, -0.00817634988, -0.0204408747, -0.0204410027, -0.0204410027, 0, 0, -1, -0.00630731441, 0, 199.820242, -199.820242, 360, 30, 0.5235, 0.5235, 0.523626227, 0, 0, 0, 100, 100, 9.37598204, -1.29150868, -1.29150868, 0, -0.0645754338, 0.0645754338, 0.0645754338, 0.0259173503, 0.0075708933, -0.0204410027, -0.00713390996, -0.00713390996, 0.00535043247, 0.00535043247, -0.0124843424, 0, 0, 9.9, 0.33, 0, 0, 0, 0, 0, 0, 0, -0, 0, -0.0102539, 8.41237e-06, -0.0102539, 0, 0, 0, 0, 0, 0, 0, 0, 0, 0, -0.162258, 0, -0.162258, 0, 0, 0, 0, 0, 0, 0, 0, 0, 0, -0.167668, 0, -0.167668, 0, 0, 0, 0, 0, 0, 0, 64292.2, 116.895, 1.29953, 25.254, 281.645, 18.4272, -0.176481, 397.275, 2179.87, 29.5490456913353441, -95.1823677709320037, 20929396.8956199251
190, 0, 0, 0, 0.33, -0.4062828613, 0.304712146, 0.433780233, 0, 9.9, 3.809336947611223e-05, -0.005203382664174763, -1.459149260304709e-05, -1.529640259394491e-06, -0.0001883404018924632, 1.584068251799698e-06, -0.003024482995809844, -0.003971551164958923, -0.002575747603694776, 12.29578251, 3057009.982, 107.698891707, 1295.44786455,  107.5325669685247, -0.05700495762424655,  5.982897832789707,  107.5325669685247, -0.05700495762424655,  5.982897832789707,  1283.170777934451, -157.6405137210438, -82.50692613511541, -41.43886408883762, -55.44798424548554,  -82.5069261660956, -100.8547623014724, -36.25989881321083, -10.61074636430094,  -185.680086437885,  1.677858952805865, -2137.151156973918, 11.50985654,  -66.6692284453985,  1.776139074156687, -2144.165813731225,  395.5600719049693,                  0,                  0,                  0,                  0,                  0,                  0,                  0,                  0,                  0,                  0,                  0,  328.8908434595708,  1.776139074156687, -2144.165813731225, -280.5584667116026, -326.2686658853188, -5.563740531754507,  280.5584315518128,  326.2639545549151,  5.563791180955207,                  0,                  0,                  0,                  0,                  0,                  0,                  0,                  0,                  0, -3.515978983159584e-05, -0.00471133040366567, 5.064920070019241e-05, 0.002120135901, 3.659941617e-07, 0.0001726276893, 504.9560698, 2116.22, 1837.707067, 0,                  0,                  0,                  0,                  0,                  0,                  0,  1527.022702,  1.264473792,  1.071948665,  1.264473792,  1432.528401,  2.266875812,  1.071948665,  2.266875812,  2563.718438, 67.65696382,  42.97427062975747, -0.3858878127060079,   36.5030709989371, 3853.1166517176, 1853.1166517287, -0.006971312268146557,  8.838630528077992,  199.8049108710901, 3.1845397456212, -0.030326622530042, 29.54628753459, -95.183507550177, -1393611.229273657, -18154368.88294252,   10320893.3195545, -1644998.541023097,  -18133318.5489127,   10320893.3195545, 0.79386890241026, 1853.1166517287, 1999.9999999888, 3.49025356, 0.868071359, -0.515679999, 1.6612656, 1.52609122, 0.539298557, 34876490.7, 7.80909122, 1.52609122, 87.4450269, 3.49, -0.939831044, -0.341639589, -0.939917639, -0.341401278, 0.000253556354, 0.320859519, 0.321113076, -1, 1, 0, -0.000253556354, -0.000253556354, -0.000131884002, -0.00812647769, 0.348, 0, -0.00812714254, -0.0203178563, -0.020317976, -0.020317976, 0, 0, -1, -0.00607291038, 0, 199.819629, -199.819629, 360, 30, 0.5235, 0.5235, 0.523621672, 0, 0, 0, 100, 100, 9.344065, -1.26668136, -1.26668136, 0, -0.063334068, 0.063334068, 0.063334068, 0.0254191282, 0.0075708933, -0.020317976, -0.00709097362, -0.00709097362, 0.00531823022, 0.00531823022, -0.0124092038, 0, 0, 9.9, 0.33, 0, 0, 0, 0, 0, 0, 0, -0, 0, -0.0102539, 8.41237e-06, -0.0102539, 0, 0, 0, 0, 0, 0, 0, 0, 0, 0, -0.162258, 0, -0.162258, 0, 0, 0, 0, 0, 0, 0, 0, 0, 0, -0.167668, 0, -0.167668, 0, 0, 0, 0, 0, 0, 0, 64041.5, 116.439, 1.29953, 25.1553, 280.558, 18.3213, -0.174475, 395.56, 2179.78, 29.5462875508791569, -95.1835076509202622, 20929503.2858824916
200, 0, 0, 0, 0.33, -0.4038468678, 0.3028851509, 0.433780233, 0, 9.9, 1.364091332625435e-05, -0.005262940532013205, 7.120291487094153e-06, 7.500645102671737e-07, 0.0001822330567611457, -3.526558028210774e-07, -0.003051444319948183, -0.004031120527490438, -0.002551038312678066, 12.30598214, 3055199.144, 107.915066265, 1295.43163099,  107.7488833400661, -0.05665647566502598,  5.986355816928308,  107.7488833400661, -0.05665647566502598,  5.986355816928308,  1283.247164578034,  -156.767081124045, -82.72791207177667, -41.51843828776705,  -55.4794860583884,  -82.7279120734227, -101.0658755536783, -36.33512531395156, -10.54082511826462, -185.7108756589108,  1.668476631938924, -2137.267671351769, 11.5085757, -66.86368105602409,  1.765976445978593, -2144.278559711987,  393.8565980045129,                  0,                  0,                  0,                  0,                  0,                  0,                  0,                  0,                  0,                  0,                  0,  326.9929169484889,  1.765976445978593, -2144.278559711987, -279.4790710949807,  -324.798304853757, -5.512253237972947,  279.4791048954142,  324.8028585820916,  5.512231752926482,                  0,                  0,                  0,                  0,                  0,                  0,                  0,                  0,                  0, 3.380043347078754e-05, 0.004553728334599327, -2.148504646548588e-05, 0.002113401993, 3.657806696e-07, 0.0001730767127, 504.5796662, 2116.22, 1830.50469, 0,                  0,                  0,                  0,                  0,                  0,                  0,  1526.554599,   1.26440432,  1.076070838,   1.26440432,  1432.508716,  2.266559302,  1.076070838,  2.266559302,  2563.268211, 67.65180584,  42.97388745289788, -0.3859172339639652,  36.50132526758101, 3958.8723851964, 1958.8723852113, -0.006735548616665398,   8.78541718994294,  199.8043366402053, 3.1799927291566, -0.030080851536064, 29.543523739575, -95.184649713105, -1380779.132131249, -18155940.91097617,  10320067.15949261, -1645413.320437844, -18133873.17644835,  10320067.15949261, 0.83564964373267, 1958.8723852113, 1999.9999999851, 3.49024353, 0.864669197, -0.515631762, 1.66128553, 1.52608513, 0.539308267, 34876902.6, 7.80908513, 1.52608513, 87.4446778, 3.49, -0.939834468, -0.34163017, -0.939917639, -0.341401278, 0.000243534135, 0.320860688, 0.321104222, -1, 1, 0, -0.000243534135, -0.000243534135, -0.000125976634, -0.00807817388, 0.348, 0, -0.00807841196, -0.0201960299, -0.0201961533, -0.0201961533, 0, 0, -1, -0.00587342919, 0, 199.819055, -199.819055, 360, 30, 0.5235, 0.5235, 0.523617558, 0, 0, 0, 100, 100, 9.31233828, -1.22848683, -1.22848683, 0, -0.0614243417, 0.0614243417, 0.0614243417, 0.0246526595, 0.0075708933, -0.0201961533, -0.00704845752, -0.00704845752, 0.00528634314, 0.00528634314, -0.0123348007, 0, 0, 9.9, 0.33, 0, 0, 0, 0, 0, 0, 0, -0, 0, -0.0102539, 8.41237e-06, -0.0102539, 0, 0, 0, 0, 0, 0, 0, 0, 0, 0, -0.162258, 0, -0.162258, 0, 0, 0, 0, 0, 0, 0, 0, 0, 0, -0.167668, 0, -0.167668, 0, 0, 0, 0, 0, 0, 0, 63792.6, 115.987, 1.29953, 25.0575, 279.479, 18.2163, -0.172316, 393.857, 2179.69, 29.5435237555991925, -95.1846498139637873, 20929609.0417497866
